Issuer,ProductType,investmentType,valorMin,tempoMin,Taxas,Benchmark,tempoMax
Banco C,0,1,30000,6,93,CDI,0.0
Banco B,0,1,30000,18,92,CDI,0.0
Banco B,0,1,10000,36,101,CDI,0.0
Banco C,0,1,7000,6,90,CDI,0.0
Banco C,0,1,10000,24,105,CDI,0.0
Banco A,0,1,1000,24,111,CDI,0.0
Safra,0,1,7000,36,118,CDI,0.0
Banco B,0,1,1000,24,95,CDI,0.0
Banco A,0,1,30000,12,101,CDI,0.0
Banco B,0,1,7000,12,119,CDI,0.0
Banco A,0,1,7000,30,98,CDI,0.0
Safra,0,1,3000,24,94,CDI,0.0
Banco C,0,1,10000,6,101,CDI,0.0
Banco B,0,1,1000,36,109,CDI,0.0
Banco B,0,1,3000,24,91,CDI,0.0
Banco C,0,1,30000,12,91,CDI,0.0
Safra,0,1,30000,30,94,CDI,0.0
Banco B,0,1,7000,6,111,CDI,0.0
Banco C,0,1,10000,12,103,CDI,0.0
Banco C,0,1,1000,24,91,CDI,0.0
Safra,0,1,30000,24,111,CDI,0.0
Banco A,0,1,10000,18,119,CDI,0.0
Safra,0,1,100000,24,90,CDI,0.0
Safra,0,1,1000,30,98,CDI,0.0
Safra,0,1,30000,18,91,CDI,0.0
Safra,0,1,30000,36,114,CDI,0.0
Banco B,0,1,100000,12,101,CDI,0.0
Banco B,0,1,1000,30,93,CDI,0.0
Safra,0,1,30000,12,115,CDI,0.0
Banco B,0,1,1000,30,90,CDI,0.0
Banco B,0,1,100000,30,105,CDI,0.0
Safra,0,1,10000,24,99,CDI,0.0
Safra,0,1,3000,30,103,CDI,0.0
Safra,0,1,10000,12,117,CDI,0.0
Safra,0,1,30000,18,91,CDI,0.0
Safra,0,1,1000,36,98,CDI,0.0
Safra,0,1,10000,12,92,CDI,0.0
Banco B,0,1,30000,30,118,CDI,0.0
Safra,0,1,30000,6,93,CDI,0.0
Banco B,0,1,7000,24,95,CDI,0.0
Banco A,0,1,10000,18,101,CDI,0.0
Banco B,0,1,3000,18,101,CDI,0.0
Banco B,0,1,3000,36,119,CDI,0.0
Banco B,0,1,3000,24,90,CDI,0.0
Safra,0,1,100000,18,90,CDI,0.0
Banco B,0,1,3000,12,91,CDI,0.0
Banco C,0,1,3000,12,90,CDI,0.0
Banco C,0,1,100000,18,90,CDI,0.0
Banco C,0,1,1000,36,98,CDI,0.0
Safra,0,1,100000,6,109,CDI,0.0
Safra,0,1,3000,30,101,CDI,0.0
Banco B,0,1,100000,30,93,CDI,0.0
Banco C,0,1,100000,30,118,CDI,0.0
Banco B,0,1,10000,30,101,CDI,0.0
Banco B,0,1,1000,30,91,CDI,0.0
Banco A,0,1,3000,12,103,CDI,0.0
Banco A,0,1,30000,18,101,CDI,0.0
Banco C,0,1,100000,24,119,CDI,0.0
Banco B,0,1,3000,12,115,CDI,0.0
Safra,0,1,10000,18,93,CDI,0.0
Safra,0,1,1000,12,98,CDI,0.0
Banco B,0,1,10000,12,117,CDI,0.0
Banco C,0,1,3000,36,101,CDI,0.0
Banco B,0,1,100000,6,91,CDI,0.0
Banco B,0,1,3000,36,117,CDI,0.0
Banco A,0,1,30000,36,102,CDI,0.0
Banco C,0,1,30000,30,105,CDI,0.0
Safra,0,1,30000,30,99,CDI,0.0
Banco B,0,1,30000,30,101,CDI,0.0
Banco A,0,1,10000,36,101,CDI,0.0
Safra,0,1,7000,12,108,CDI,0.0
Safra,0,1,30000,30,98,CDI,0.0
Banco C,0,1,100000,18,90,CDI,0.0
Banco B,0,1,7000,18,118,CDI,0.0
Banco C,0,1,3000,6,102,CDI,0.0
Banco A,0,1,30000,6,93,CDI,0.0
Banco A,0,1,30000,30,103,CDI,0.0
Banco B,0,1,30000,18,118,CDI,0.0
Banco C,0,1,10000,36,101,CDI,0.0
Safra,0,1,7000,12,101,CDI,0.0
Safra,0,1,3000,6,103,CDI,0.0
Banco A,0,1,10000,30,118,CDI,0.0
Banco C,0,1,10000,24,94,CDI,0.0
Banco C,0,1,10000,30,94,CDI,0.0
Banco A,0,1,30000,12,90,CDI,0.0
Safra,0,1,1000,6,105,CDI,0.0
Banco A,0,1,10000,36,115,CDI,0.0
Banco A,0,1,1000,30,90,CDI,0.0
Banco B,0,1,7000,18,99,CDI,0.0
Safra,0,1,7000,30,118,CDI,0.0
Safra,0,1,1000,36,101,CDI,0.0
Banco A,0,1,100000,36,99,CDI,0.0
Banco A,0,1,10000,6,112,CDI,0.0
Banco B,0,1,10000,36,111,CDI,0.0
Banco C,0,1,1000,18,101,CDI,0.0
Banco B,0,1,3000,18,101,CDI,0.0
Banco A,0,1,7000,24,98,CDI,0.0
Banco C,0,1,3000,12,103,CDI,0.0
Banco B,0,1,100000,6,101,CDI,0.0
Banco B,0,1,100000,18,108,CDI,0.0
Banco C,0,3,3000,6,89,CDI,0.0
Banco C,0,3,7000,6,99,CDI,0.0
Banco A,0,3,30000,36,89,CDI,0.0
Banco A,0,3,1000,18,85,CDI,0.0
Banco A,0,3,30000,6,97,CDI,0.0
Banco C,0,3,1000,36,89,CDI,0.0
Banco A,0,3,10000,30,95,CDI,0.0
Safra,0,3,7000,18,102,CDI,0.0
Safra,0,3,1000,18,89,CDI,0.0
Safra,0,3,1000,24,97,CDI,0.0
Banco A,0,3,100000,36,103,CDI,0.0
Banco C,0,3,100000,12,82,CDI,0.0
Banco B,0,3,1000,36,102,CDI,0.0
Banco A,0,3,7000,18,103,CDI,0.0
Banco B,0,3,7000,12,91,CDI,0.0
Banco A,0,3,30000,18,85,CDI,0.0
Banco C,0,3,1000,24,88,CDI,0.0
Banco B,0,3,1000,36,104,CDI,0.0
Safra,0,3,3000,12,94,CDI,0.0
Safra,0,3,1000,36,99,CDI,0.0
Banco B,0,3,100000,24,102,CDI,0.0
Safra,0,3,3000,24,84,CDI,0.0
Banco A,0,3,100000,6,85,CDI,0.0
Banco C,0,3,10000,30,93,CDI,0.0
Banco C,0,3,1000,18,88,CDI,0.0
Banco B,0,3,7000,36,82,CDI,0.0
Safra,0,3,1000,12,83,CDI,0.0
Banco A,0,3,100000,30,89,CDI,0.0
Banco B,0,3,100000,6,82,CDI,0.0
Banco B,0,3,30000,12,95,CDI,0.0
Banco C,0,3,10000,18,88,CDI,0.0
Banco A,0,3,30000,36,83,CDI,0.0
Banco A,0,3,30000,18,104,CDI,0.0
Banco C,0,3,100000,24,84,CDI,0.0
Banco C,0,3,3000,18,88,CDI,0.0
Banco A,0,3,100000,12,94,CDI,0.0
Safra,0,3,30000,30,85,CDI,0.0
Banco A,0,3,30000,12,85,CDI,0.0
Safra,0,3,7000,30,81,CDI,0.0
Banco A,0,3,3000,36,103,CDI,0.0
Banco A,0,3,7000,36,89,CDI,0.0
Banco B,0,3,100000,30,88,CDI,0.0
Banco C,0,3,10000,36,85,CDI,0.0
Banco B,0,3,10000,24,88,CDI,0.0
Banco B,0,3,7000,18,93,CDI,0.0
Banco C,0,3,100000,18,83,CDI,0.0
Banco A,0,3,1000,36,94,CDI,0.0
Banco C,0,3,1000,6,85,CDI,0.0
Banco B,0,3,10000,6,96,CDI,0.0
Banco A,0,3,30000,30,103,CDI,0.0
Banco C,0,3,3000,36,97,CDI,0.0
Safra,0,3,30000,12,84,CDI,0.0
Banco C,0,3,1000,6,102,CDI,0.0
Banco A,0,3,7000,6,88,CDI,0.0
Banco C,0,3,3000,36,95,CDI,0.0
Banco A,0,3,100000,6,89,CDI,0.0
Banco C,0,3,7000,18,104,CDI,0.0
Banco C,0,3,3000,6,82,CDI,0.0
Banco C,0,3,3000,6,84,CDI,0.0
Banco B,0,3,3000,30,88,CDI,0.0
Banco C,0,3,7000,18,83,CDI,0.0
Banco C,0,3,3000,36,85,CDI,0.0
Banco A,0,3,30000,24,92,CDI,0.0
Safra,0,3,3000,36,99,CDI,0.0
Banco C,0,3,30000,24,83,CDI,0.0
Banco C,0,3,7000,24,84,CDI,0.0
Banco A,0,3,100000,6,94,CDI,0.0
Banco B,0,3,7000,24,92,CDI,0.0
Safra,0,3,3000,18,93,CDI,0.0
Banco C,0,3,1000,36,93,CDI,0.0
Banco A,0,3,7000,30,103,CDI,0.0
Banco C,0,3,100000,18,93,CDI,0.0
Safra,0,3,7000,30,92,CDI,0.0
Safra,0,3,100000,24,99,CDI,0.0
Safra,0,3,1000,18,89,CDI,0.0
Safra,0,3,7000,12,91,CDI,0.0
Banco A,0,3,10000,24,84,CDI,0.0
Safra,0,3,100000,24,94,CDI,0.0
Banco B,0,3,100000,24,93,CDI,0.0
Banco C,0,3,7000,36,96,CDI,0.0
Banco B,0,3,7000,6,3.89,IPCA,0.0
Banco A,0,3,10000,18,3.98,IPCA,0.0
Safra,0,3,30000,24,3.97,IPCA,0.0
Banco C,0,3,30000,18,3.72,IPCA,0.0
Banco C,0,3,7000,18,3.03,IPCA,0.0
Banco B,0,3,30000,24,3.37,IPCA,0.0
Banco A,0,3,30000,30,3.6,IPCA,0.0
Banco C,0,3,1000,24,3.15,IPCA,0.0
Banco A,0,3,1000,24,3.6,IPCA,0.0
Banco A,0,3,3000,18,3.26,IPCA,0.0
Banco C,0,3,100000,36,3.8,IPCA,0.0
Banco B,0,3,30000,12,3.86,IPCA,0.0
Banco C,0,3,7000,18,3.29,IPCA,0.0
Banco A,0,3,100000,6,3.07,IPCA,0.0
Banco C,0,3,30000,24,3.15,IPCA,0.0
Banco B,0,3,100000,12,3.66,IPCA,0.0
Banco A,0,3,100000,24,3.26,IPCA,0.0
Banco B,0,3,10000,30,3.36,IPCA,0.0
Banco C,0,3,3000,36,3.98,IPCA,0.0
Banco B,0,3,100000,24,3.1,IPCA,0.0
Safra,0,4,10000,6,93,CDI,0.0
Safra,0,4,10000,12,83,CDI,0.0
Safra,0,4,100000,36,81,CDI,0.0
Banco B,0,4,1000,36,81,CDI,0.0
Safra,0,4,3000,18,92,CDI,0.0
Banco A,0,4,1000,30,89,CDI,0.0
Safra,0,4,1000,18,85,CDI,0.0
Banco B,0,4,30000,24,96,CDI,0.0
Safra,0,4,100000,36,90,CDI,0.0
Banco C,0,4,100000,36,83,CDI,0.0
Banco B,0,4,30000,18,93,CDI,0.0
Safra,0,4,10000,12,83,CDI,0.0
Banco C,0,4,3000,12,94,CDI,0.0
Safra,0,4,1000,24,99,CDI,0.0
Banco B,0,4,100000,36,85,CDI,0.0
Banco B,0,4,3000,36,95,CDI,0.0
Banco A,0,4,100000,18,85,CDI,0.0
Banco B,0,4,7000,30,81,CDI,0.0
Banco B,0,4,30000,30,89,CDI,0.0
Banco C,0,4,7000,30,102,CDI,0.0
Banco B,0,4,1000,36,97,CDI,0.0
Banco B,0,4,10000,18,85,CDI,0.0
Banco C,0,4,7000,24,95,CDI,0.0
Banco A,0,4,3000,30,97,CDI,0.0
Safra,0,4,100000,6,83,CDI,0.0
Banco A,0,4,10000,36,93,CDI,0.0
Banco A,0,4,10000,18,94,CDI,0.0
Banco C,0,4,1000,12,93,CDI,0.0
Banco A,0,4,7000,12,88,CDI,0.0
Banco B,0,4,100000,6,103,CDI,0.0
Banco B,0,4,1000,36,85,CDI,0.0
Banco A,0,4,1000,6,88,CDI,0.0
Banco A,0,4,10000,18,93,CDI,0.0
Safra,0,4,7000,36,95,CDI,0.0
Banco A,0,4,1000,12,92,CDI,0.0
Banco B,0,4,100000,6,90,CDI,0.0
Banco B,0,4,100000,12,89,CDI,0.0
Banco A,0,4,30000,12,97,CDI,0.0
Banco B,0,4,7000,18,82,CDI,0.0
Safra,0,4,1000,6,82,CDI,0.0
Banco A,0,4,1000,24,93,CDI,0.0
Banco C,0,4,1000,6,93,CDI,0.0
Banco A,0,4,100000,24,85,CDI,0.0
Safra,0,4,3000,6,95,CDI,0.0
Banco C,0,4,7000,6,93,CDI,0.0
Banco C,0,4,30000,24,93,CDI,0.0
Safra,0,4,100000,12,103,CDI,0.0
Safra,0,4,10000,12,95,CDI,0.0
Banco B,0,4,7000,24,97,CDI,0.0
Banco B,0,4,7000,18,102,CDI,0.0
Banco A,0,4,7000,24,82,CDI,0.0
Safra,0,4,1000,6,85,CDI,0.0
Safra,0,4,3000,18,95,CDI,0.0
Banco A,0,4,3000,36,83,CDI,0.0
Banco B,0,4,7000,36,88,CDI,0.0
Banco B,0,4,1000,6,93,CDI,0.0
Safra,0,4,7000,24,99,CDI,0.0
Banco A,0,4,1000,12,94,CDI,0.0
Safra,0,4,3000,36,84,CDI,0.0
Banco A,0,4,1000,30,85,CDI,0.0
Banco B,0,4,10000,12,88,CDI,0.0
Banco C,0,4,3000,6,83,CDI,0.0
Safra,0,4,30000,30,96,CDI,0.0
Banco C,0,4,7000,24,96,CDI,0.0
Banco A,0,4,100000,36,92,CDI,0.0
Banco B,0,4,3000,24,85,CDI,0.0
Banco A,0,4,30000,12,85,CDI,0.0
Banco A,0,4,30000,6,89,CDI,0.0
Safra,0,4,3000,18,84,CDI,0.0
Banco B,0,4,7000,18,89,CDI,0.0
Safra,0,4,1000,12,85,CDI,0.0
Banco B,0,4,10000,18,89,CDI,0.0
Banco B,0,4,7000,36,96,CDI,0.0
Banco A,0,4,7000,12,91,CDI,0.0
Banco A,0,4,10000,6,97,CDI,0.0
Banco A,0,4,10000,12,88,CDI,0.0
Safra,0,4,7000,24,88,CDI,0.0
Banco A,0,4,7000,6,104,CDI,0.0
Safra,0,4,100000,6,83,CDI,0.0
Banco C,0,4,7000,12,95,CDI,0.0
Banco A,0,4,3000,18,3.67,IPCA,0.0
Safra,0,4,3000,24,3.58,IPCA,0.0
Banco C,0,4,3000,30,3.38,IPCA,0.0
Banco A,0,4,100000,18,3.13,IPCA,0.0
Banco A,0,4,30000,18,3.77,IPCA,0.0
Banco B,0,4,100000,30,3.02,IPCA,0.0
Safra,0,4,7000,12,3.33,IPCA,0.0
Banco B,0,4,30000,30,3.42,IPCA,0.0
Safra,0,4,7000,36,3.17,IPCA,0.0
Banco B,0,4,100000,30,3.01,IPCA,0.0
Safra,0,4,7000,6,3.33,IPCA,0.0
Banco C,0,4,100000,36,3.17,IPCA,0.0
Banco A,0,4,1000,36,3.47,IPCA,0.0
Safra,0,4,1000,6,3.68,IPCA,0.0
Banco B,0,4,7000,18,3.67,IPCA,0.0
Safra,0,4,100000,12,3.54,IPCA,0.0
Banco B,0,4,30000,12,3.77,IPCA,0.0
Banco A,0,4,100000,24,3.82,IPCA,0.0
Banco B,0,4,7000,12,3.43,IPCA,0.0
Banco A,0,4,10000,18,3.05,IPCA,0.0
Safra,0,5,41.85,0,3.06,IPCA,0.0
Safra,0,5,39.98,0,3.31,IPCA,0.0
Banco C,0,5,39.55,0,3.68,IPCA,0.0
Banco C,0,5,33.59,0,3.77,IPCA,0.0
Banco A,0,5,35.88,0,3.35,IPCA,0.0
Banco A,0,5,30.23,0,3.06,IPCA,0.0
Banco B,0,5,42.44,0,3.75,IPCA,0.0
Banco A,0,5,41.73,0,3.55,IPCA,0.0
Banco C,0,5,40.04,0,3.9,IPCA,0.0
Banco A,0,5,42.42,0,3.18,IPCA,0.0
Safra,0,5,44.75,0,3.89,IPCA,0.0
Banco C,0,5,44.4,0,3.55,IPCA,0.0
Safra,0,5,31.55,0,3.89,IPCA,0.0
Banco C,0,5,39.12,0,3.26,IPCA,0.0
Banco C,0,5,39.08,0,3.34,IPCA,0.0
Banco B,0,5,30.81,0,3.22,IPCA,0.0
Safra,0,5,33.75,0,3.87,IPCA,0.0
Banco A,0,5,43.77,0,3.23,IPCA,0.0
Banco A,0,5,42.51,0,3.35,IPCA,0.0
Safra,0,5,35.5,0,3.64,IPCA,0.0
Banco C,0,5,100000,0,0.18,SELIC,0.0
Banco A,0,5,1000,0,0.17,SELIC,0.0
Banco C,0,5,30000,0,0.09,SELIC,0.0
Banco C,0,5,30000,0,0.18,SELIC,0.0
Safra,0,5,7000,0,0.11,SELIC,0.0
Banco C,0,5,100000,0,0.08,SELIC,0.0
Banco C,0,5,10000,0,0.12,SELIC,0.0
Banco B,0,5,1000,0,0.12,SELIC,0.0
Safra,0,5,7000,0,0.19,SELIC,0.0
Banco B,0,5,3000,0,0.08,SELIC,0.0
Safra,0,5,3000,0,0.16,SELIC,0.0
Banco A,0,5,30000,0,0.05,SELIC,0.0
Safra,0,5,7000,0,0.14,SELIC,0.0
Banco A,0,5,7000,0,0.05,SELIC,0.0
Banco A,0,5,3000,0,0.12,SELIC,0.0
Banco C,0,5,1000,0,0.08,SELIC,0.0
Safra,0,5,7000,0,0.1,SELIC,0.0
Banco A,0,5,1000,0,0.09,SELIC,0.0
Safra,0,5,10000,0,0.15,SELIC,0.0
Banco B,0,5,7000,0,0.2,SELIC,0.0
Banco C,0,5,30000,0,11.59,PRE,0.0
Banco B,0,5,30000,0,11.75,PRE,0.0
Banco C,0,5,3000,0,11.04,PRE,0.0
Banco A,0,5,1000,0,11.38,PRE,0.0
Banco C,0,5,30000,0,11.72,PRE,0.0
Safra,0,5,100000,0,11.61,PRE,0.0
Banco B,0,5,100000,0,11.17,PRE,0.0
Banco A,0,5,100000,0,11.09,PRE,0.0
Banco C,0,5,10000,0,11.85,PRE,0.0
Safra,0,5,100000,0,11.62,PRE,0.0
Banco A,0,5,100000,0,11.95,PRE,0.0
Safra,0,5,100000,0,11.38,PRE,0.0
Banco B,0,5,30000,0,11.22,PRE,0.0
Banco C,0,5,3000,0,11.11,PRE,0.0
Safra,0,5,3000,0,11.54,PRE,0.0
Banco B,0,5,7000,0,11.55,PRE,0.0
Banco C,0,5,100000,0,11.72,PRE,0.0
Banco B,0,5,3000,0,11.55,PRE,0.0
Banco B,0,5,100000,0,11.55,PRE,0.0
Safra,0,5,10000,0,11.85,PRE,0.0
Banco C,1,6,1114.21,108,4.71,IPCA,0.0
Safra,1,6,1116.74,120,5.95,IPCA,0.0
Banco C,1,6,1071.83,180,4.94,IPCA,0.0
Banco C,1,6,1091.72,72,5.03,IPCA,0.0
Banco B,1,6,1148.83,108,7.36,IPCA,0.0
Banco C,1,6,1078.7,180,5.91,IPCA,0.0
Banco B,1,6,1147.34,108,5.66,IPCA,0.0
Banco B,1,6,1050.67,120,7.25,IPCA,0.0
Banco A,1,6,1193.55,120,5.1,IPCA,0.0
Safra,1,6,1173.12,144,6.85,IPCA,0.0
Banco B,1,6,1155.74,72,4.78,IPCA,0.0
Banco B,1,6,1172.1,144,6.5,IPCA,0.0
Safra,1,6,1116.05,144,4.67,IPCA,0.0
Banco A,1,6,1163.01,72,4.59,IPCA,0.0
Banco B,1,6,1008.07,120,5.6,IPCA,0.0
Banco A,1,6,1072.34,180,5.77,IPCA,0.0
Safra,1,6,1047.22,108,4.71,IPCA,0.0
Banco A,1,6,1162.56,108,5.29,IPCA,0.0
Safra,1,6,1162.4,108,5.78,IPCA,0.0
Banco C,1,6,1155.17,144,7.02,IPCA,0.0
Banco A,1,6,1150.3,180,6.17,IPCA,0.0
Banco C,1,6,1163.08,72,4.87,IPCA,0.0
Banco A,1,6,1097.71,240,6.6,IPCA,0.0
Banco B,1,6,1134.15,120,6.64,IPCA,0.0
Banco C,1,6,1058.8,108,5.35,IPCA,0.0
Banco C,1,6,1051.56,180,6.87,IPCA,0.0
Banco B,1,6,1113.78,240,7.21,IPCA,0.0
Banco C,1,6,1029.86,72,4.86,IPCA,0.0
Banco B,1,6,1172.39,108,4.56,IPCA,0.0
Banco A,1,6,1097.81,120,5.18,IPCA,0.0
Banco B,1,6,1032.42,120,6.13,IPCA,0.0
Banco B,1,6,1038.61,180,5.75,IPCA,0.0
Safra,1,6,1144.24,120,5.53,IPCA,0.0
Banco B,1,6,1047.4,120,4.62,IPCA,0.0
Safra,1,6,1033.29,120,5.34,IPCA,0.0
Banco B,1,6,1103.91,108,4.84,IPCA,0.0
Banco B,1,6,1199.19,144,6.43,IPCA,0.0
Banco B,1,6,1036.03,144,6.53,IPCA,0.0
Banco C,1,6,1050.36,108,5.86,IPCA,0.0
Banco B,1,6,1168.79,108,6.15,IPCA,0.0
Safra,1,6,1072.21,108,5.66,IPCA,0.0
Banco B,1,6,1157.54,240,5.04,IPCA,0.0
Banco A,1,6,1120.88,144,5.1,IPCA,0.0
Banco B,1,6,1119.4,108,6.93,IPCA,0.0
Banco A,1,6,1057.18,240,6.45,IPCA,0.0
Banco A,1,6,1135.78,108,6.74,IPCA,0.0
Banco C,1,6,1008.67,72,4.71,IPCA,0.0
Banco C,1,6,1059.57,144,4.96,IPCA,0.0
Banco B,1,6,1168.88,180,4.89,IPCA,0.0
Banco B,1,6,1070.28,108,6.82,IPCA,0.0
Banco B,1,6,1183.79,120,2.84,CDI,0.0
Banco B,1,6,1137.62,180,1.9,CDI,0.0
Banco A,1,6,1035.36,108,2.12,CDI,0.0
Banco B,1,6,1019.03,108,2.95,CDI,0.0
Banco A,1,6,1092.53,108,1.06,CDI,0.0
Banco B,1,6,1067.97,120,1.89,CDI,0.0
Banco B,1,6,1029.6,240,1.19,CDI,0.0
Banco C,1,6,1034.94,180,2.42,CDI,0.0
Banco B,1,6,1131.93,144,2.38,CDI,0.0
Banco A,1,6,1174.98,108,2.22,CDI,0.0
Safra,1,6,1093.92,240,1.75,CDI,0.0
Banco A,1,6,1126.88,144,1.18,CDI,0.0
Safra,1,6,1033.54,108,1.66,CDI,0.0
Banco B,1,6,1154.43,120,2.64,CDI,0.0
Banco C,1,6,1085.24,120,1.71,CDI,0.0
Banco B,1,6,1041.73,108,1.07,CDI,0.0
Banco B,1,6,1033.52,108,1.13,CDI,0.0
Banco B,1,6,1185.19,120,1.32,CDI,0.0
Banco C,1,6,1019.27,180,2.67,CDI,0.0
Banco B,1,6,1121.84,240,1.57,CDI,0.0
Banco B,2,10,10000,108,4.87,CDI,0.0
Banco C,2,10,5000,120,3.31,CDI,0.0
Banco B,2,10,2500,144,1.42,CDI,0.0
Banco B,2,10,2500,108,0.13,CDI,0.0
Banco A,2,10,500,120,1.6,CDI,0.0
Banco A,2,10,500,180,2.99,CDI,0.0
Banco B,2,10,500,144,3.78,CDI,0.0
Banco C,2,10,500,144,3.4,CDI,0.0
Banco C,2,10,500,120,-0.02,CDI,0.0
Banco A,2,10,500,72,2.16,CDI,0.0
Safra,2,10,1000,108,0.92,CDI,0.0
Banco C,2,10,50000,120,2.88,CDI,0.0
Banco A,2,10,1000,120,2.94,CDI,0.0
Safra,2,10,2500,108,4.21,CDI,0.0
Banco C,2,10,100,120,2.32,CDI,0.0
Banco A,2,10,1000,108,0.68,CDI,0.0
Banco C,2,10,100000,108,1.7,CDI,0.0
Safra,2,10,500,108,3.6,CDI,0.0
Banco C,2,10,2500,108,0.94,CDI,0.0
Banco B,2,10,50000,72,2.64,CDI,0.0
Banco A,2,10,10000,144,4.7,CDI,0.0
Banco C,2,10,1000,108,4.5,CDI,0.0
Banco A,2,10,1000,108,4.72,CDI,0.0
Safra,2,10,1000,144,1.7,CDI,0.0
Banco C,2,10,500,108,3.64,CDI,0.0
Banco B,2,10,1000,108,2.14,CDI,0.0
Safra,2,10,500,144,1.91,CDI,0.0
Safra,2,10,1000,72,3.7,CDI,0.0
Banco A,2,10,1000,108,0.72,CDI,0.0
Banco B,2,10,50000,108,4.67,CDI,0.0
Safra,2,10,2500,108,3.1,CDI,0.0
Safra,2,10,2500,108,3.48,CDI,0.0
Banco C,2,10,500,72,1.84,CDI,0.0
Banco B,2,10,1000,72,1.62,CDI,0.0
Safra,2,10,1000,144,2.59,CDI,0.0
Banco C,2,10,500,240,2.59,CDI,0.0
Banco C,2,10,1000,120,3.48,CDI,0.0
Safra,2,10,50000,144,4.56,CDI,0.0
Banco B,2,10,500,108,4.55,CDI,0.0
Banco A,2,10,100,108,1.84,CDI,0.0
Banco C,2,10,1000,120,2.35,CDI,0.0
Banco A,2,10,100000,120,1.22,CDI,0.0
Banco A,2,10,5000,108,1.59,CDI,0.0
Banco C,2,10,1000,108,0.24,CDI,0.0
Banco C,2,10,1000,72,2.44,CDI,0.0
Banco C,2,10,1000,240,4.07,CDI,0.0
Safra,2,10,10000,180,1.45,CDI,0.0
Banco A,2,10,1000,144,4.5,CDI,0.0
Banco C,2,10,500,108,2.41,CDI,0.0
Banco B,2,10,5000,108,0.16,CDI,0.0
Banco A,2,10,5000,108,4.41,CDI,0.0
Banco A,2,10,100000,108,2.97,CDI,0.0
Banco C,2,10,5000,180,0.14,CDI,0.0
Banco C,2,10,500,108,3.28,CDI,0.0
Banco B,2,10,1000,144,2.59,CDI,0.0
Banco C,2,10,1000,72,3.23,CDI,0.0
Safra,2,10,1000,108,1.18,CDI,0.0
Banco B,2,10,10000,120,0.15,CDI,0.0
Banco B,2,10,500,180,1.17,CDI,0.0
Banco B,2,10,1000,108,2.3,CDI,0.0
Banco C,2,10,100000,108,4.48,CDI,0.0
Banco C,2,10,1000,72,2.87,CDI,0.0
Banco B,2,10,1000,120,3.19,CDI,0.0
Safra,2,10,500,180,0.14,CDI,0.0
Banco B,2,10,500,108,3.12,CDI,0.0
Safra,2,10,500,120,3.17,CDI,0.0
Banco A,2,10,500,180,3.68,CDI,0.0
Banco B,2,10,1000,180,0.19,CDI,0.0
Banco A,2,10,1000,72,2.33,CDI,0.0
Banco A,2,10,500,72,0.55,CDI,0.0
Safra,2,10,100000,240,1.6,CDI,0.0
Banco B,2,10,1000,144,-0.05,CDI,0.0
Banco B,2,10,500,108,1.15,CDI,0.0
Banco A,2,10,500,144,2.84,CDI,0.0
Banco B,2,10,100,144,2.07,CDI,0.0
Safra,2,10,5000,120,2.88,CDI,0.0
Banco C,2,10,500,108,2.13,CDI,0.0
Safra,2,10,1000,240,3.72,CDI,0.0
Banco C,2,10,500,120,0.79,CDI,0.0
Banco B,2,10,100000,72,1.24,CDI,0.0
Safra,2,10,1000,144,3.56,CDI,0.0
Banco C,2,10,2500,108,0.52,CDI,0.0
Banco C,2,10,1000,108,2.97,CDI,0.0
Banco A,2,10,100,120,3.65,CDI,0.0
Banco C,2,10,100,108,2.88,CDI,0.0
Safra,2,10,5000,180,3.49,CDI,0.0
Banco C,2,10,1000,72,3.4,CDI,0.0
Banco A,2,10,1000,180,3.32,CDI,0.0
Banco B,2,10,100,108,1.62,CDI,0.0
Banco A,2,10,100,144,2.12,CDI,0.0
Banco A,2,10,1000,72,2.77,CDI,0.0
Banco A,2,10,1000,120,4.15,CDI,0.0
Banco A,2,10,1000,108,4.16,CDI,0.0
Banco C,2,10,500,144,0.29,CDI,0.0
Safra,2,10,50000,144,3.06,CDI,0.0
Banco A,2,10,500,108,2.81,CDI,0.0
Safra,2,10,1000,144,4.09,CDI,0.0
Banco B,2,10,500,180,1.85,CDI,0.0
Banco B,2,10,500,120,4.3,CDI,0.0
Banco A,2,10,1000,120,0.18,CDI,0.0
Banco C,2,10,1000,144,5.65,IPCA,0.0
Safra,2,10,500,144,0.75,IPCA,0.0
Banco B,2,10,1000,108,0.79,IPCA,0.0
Banco B,2,10,500,120,5.79,IPCA,0.0
Banco A,2,10,500,120,0.02,IPCA,0.0
Banco B,2,10,2500,240,2.37,IPCA,0.0
Banco A,2,10,500,108,5.96,IPCA,0.0
Banco B,2,10,100000,144,1.28,IPCA,0.0
Safra,2,10,2500,120,2.89,IPCA,0.0
Banco A,2,10,500,108,3.02,IPCA,0.0
Banco B,2,10,100,120,4.23,IPCA,0.0
Banco A,2,10,50000,108,5.17,IPCA,0.0
Banco A,2,10,1000,108,4.05,IPCA,0.0
Banco A,2,10,500,108,3.7,IPCA,0.0
Banco A,2,10,500,108,4.37,IPCA,0.0
Banco A,2,10,1000,180,5.73,IPCA,0.0
Safra,2,10,5000,72,1.88,IPCA,0.0
Banco A,2,10,1000,120,3.07,IPCA,0.0
Banco A,2,10,500,108,3.09,IPCA,0.0
Safra,2,10,2500,120,4.09,IPCA,0.0
Banco B,2,10,500,120,4.08,IPCA,0.0
Banco C,2,10,1000,72,1.98,IPCA,0.0
Banco C,2,10,500,72,3.45,IPCA,0.0
Banco A,2,10,100,108,2.09,IPCA,0.0
Safra,2,10,500,72,1.16,IPCA,0.0
Banco C,2,10,1000,144,2.89,IPCA,0.0
Banco C,2,10,100,108,0.78,IPCA,0.0
Banco A,2,10,50000,180,4.67,IPCA,0.0
Safra,2,10,1000,144,1.48,IPCA,0.0
Banco C,2,10,1000,120,2.07,IPCA,0.0
Banco B,2,10,1000,108,4.86,IPCA,0.0
Banco C,2,10,100000,72,3.89,IPCA,0.0
Safra,2,10,1000,108,5.08,IPCA,0.0
Banco B,2,10,10000,240,1.57,IPCA,0.0
Banco C,2,10,500,108,5.48,IPCA,0.0
Banco C,2,10,500,120,2.54,IPCA,0.0
Safra,2,10,500,120,1.09,IPCA,0.0
Safra,2,10,500,108,3.39,IPCA,0.0
Banco B,2,10,50000,240,2.8,IPCA,0.0
Banco C,2,10,1000,240,1.76,IPCA,0.0
Safra,2,10,50000,108,2.72,IPCA,0.0
Banco A,2,10,50000,144,3.84,IPCA,0.0
Banco A,2,10,100000,72,3.88,IPCA,0.0
Banco B,2,10,500,120,0.71,IPCA,0.0
Safra,2,10,500,180,0.76,IPCA,0.0
Banco B,2,10,1000,240,1.1,IPCA,0.0
Banco A,2,10,500,240,3.33,IPCA,0.0
Banco C,2,10,2500,72,2.89,IPCA,0.0
Safra,2,10,1000,120,1.48,IPCA,0.0
Banco A,2,10,1000,108,5.15,IPCA,0.0
Banco C,2,11,50000,72,0.45,IPCA,0.0
Banco B,2,11,500,108,6.41,IPCA,0.0
Banco C,2,11,500,72,0.81,IPCA,0.0
Banco A,2,11,1000,72,2.48,IPCA,0.0
Safra,2,11,1000,120,9.49,IPCA,0.0
Banco B,2,11,500,144,6.36,IPCA,0.0
Banco B,2,11,500,240,5.2,IPCA,0.0
Banco C,2,11,100000,108,2.41,IPCA,0.0
Banco B,2,11,500,180,4.84,IPCA,0.0
Banco C,2,11,50000,108,4.88,IPCA,0.0
Banco A,2,11,1000,108,7.16,IPCA,0.0
Banco C,2,11,500,108,9.71,IPCA,0.0
Banco C,2,11,500,108,6.06,IPCA,0.0
Banco C,2,11,1000,108,3.35,IPCA,0.0
Banco B,2,11,500,240,8.23,IPCA,0.0
Banco C,2,11,5000,180,11.76,IPCA,0.0
Banco A,2,11,100000,180,5.77,IPCA,0.0
Safra,2,11,1000,144,2.34,IPCA,0.0
Safra,2,11,500,180,8.58,IPCA,0.0
Banco A,2,11,1000,108,6.3,IPCA,0.0
Banco C,2,11,10000,120,1.09,IPCA,0.0
Banco C,2,11,1000,120,7.8,IPCA,0.0
Banco B,2,11,1000,120,6.92,IPCA,0.0
Banco B,2,11,500,120,6.85,IPCA,0.0
Safra,2,11,5000,144,8.64,IPCA,0.0
Banco C,2,11,500,108,7.64,IPCA,0.0
Banco A,2,11,500,120,8.19,IPCA,0.0
Safra,2,11,1000,108,9.28,IPCA,0.0
Banco A,2,11,500,120,1.74,IPCA,0.0
Safra,2,11,500,144,3.66,IPCA,0.0
Banco C,2,11,500,240,0.5,IPCA,0.0
Safra,2,11,1000,72,9.32,IPCA,0.0
Banco C,2,11,500,108,11.93,IPCA,0.0
Banco B,2,11,1000,108,9.58,IPCA,0.0
Banco C,2,11,500,120,11.34,IPCA,0.0
Banco C,2,11,500,108,9.17,IPCA,0.0
Banco C,2,11,1000,120,6.1,IPCA,0.0
Banco A,2,11,1000,108,8.51,IPCA,0.0
Safra,2,11,1000,144,7.19,IPCA,0.0
Banco A,2,11,5000,120,5.68,IPCA,0.0
Banco B,2,11,1000,180,5.84,IPCA,0.0
Banco B,2,11,500,120,3.35,IPCA,0.0
Safra,2,11,1000,144,6.62,IPCA,0.0
Banco B,2,11,1000,144,0.26,IPCA,0.0
Safra,2,11,500,108,-0.04,IPCA,0.0
Banco A,2,11,500,72,11.39,IPCA,0.0
Banco C,2,11,5000,144,-0.01,IPCA,0.0
Banco C,2,11,1000,108,10.79,IPCA,0.0
Safra,2,11,500,108,5.11,IPCA,0.0
Banco B,2,11,100,108,3.27,IPCA,0.0
Banco B,2,11,1000,144,6.46,IPCA,0.0
Safra,2,11,1000,120,6.22,IPCA,0.0
Banco C,2,11,500,120,6.99,IPCA,0.0
Safra,2,11,1000,108,2.0,IPCA,0.0
Banco B,2,11,1000,72,5.14,IPCA,0.0
Banco C,2,11,500,72,0.33,IPCA,0.0
Banco C,2,11,500,144,0.8,IPCA,0.0
Banco A,2,11,1000,120,10.14,IPCA,0.0
Banco A,2,11,100,144,2.9,IPCA,0.0
Banco A,2,11,500,120,11.38,IPCA,0.0
Banco C,2,11,500,108,3.85,IPCA,0.0
Banco A,2,11,1000,108,3.68,IPCA,0.0
Banco C,2,11,1000,120,3.94,IPCA,0.0
Safra,2,11,100,144,2.86,IPCA,0.0
Banco A,2,11,100,144,1.08,IPCA,0.0
Banco A,2,11,1000,180,9.47,IPCA,0.0
Banco B,2,11,1000,108,6.58,IPCA,0.0
Safra,2,11,1000,108,9.45,IPCA,0.0
Banco A,2,11,1000,240,-0.02,IPCA,0.0
Banco A,2,11,10000,120,0.07,IPCA,0.0
Banco A,2,11,1000,120,10.47,IPCA,0.0
Banco A,2,11,1000,108,11.31,IPCA,0.0
Banco C,2,11,500,120,6.31,IPCA,0.0
Banco C,2,11,500,120,11.02,IPCA,0.0
Banco C,2,11,500,144,5.51,IPCA,0.0
Banco C,2,11,500,108,3.14,IPCA,0.0
Banco A,2,11,1000,144,1.14,IPCA,0.0
Banco B,2,11,50000,144,3.14,IPCA,0.0
Banco B,2,11,500,120,2.64,IPCA,0.0
Banco A,2,11,500,120,5.33,IPCA,0.0
Banco C,2,11,500,108,10.27,IPCA,0.0
Banco B,2,11,10000,108,5.62,IPCA,0.0
Banco A,2,11,100,108,10.08,IPCA,0.0
Banco B,2,11,1000,108,11.52,IPCA,0.0
Banco B,2,11,500,240,10.99,IPCA,0.0
Banco C,2,11,500,144,3.54,IPCA,0.0
Banco A,2,11,1000,180,1.52,IPCA,0.0
Safra,2,11,1000,144,7.41,IPCA,0.0
Banco C,2,11,100000,120,5.36,IPCA,0.0
Safra,2,11,1000,108,5.02,IPCA,0.0
Banco A,2,11,500,72,4.36,IPCA,0.0
Safra,2,11,5000,144,9.74,IPCA,0.0
Banco A,2,11,1000,120,0.4,IPCA,0.0
Safra,2,11,5000,72,11.31,IPCA,0.0
Banco C,2,11,100,120,7.48,IPCA,0.0
Banco A,2,11,500,72,7.31,IPCA,0.0
Banco B,2,11,500,120,5.57,IPCA,0.0
Banco B,2,11,1000,108,9.13,IPCA,0.0
Banco C,2,11,500,144,0.37,IPCA,0.0
Banco A,2,11,1000,108,5.68,IPCA,0.0
Safra,2,12,1000,108,9.16,IBOV,0.0
Banco A,2,12,10000,120,2.3,IBOV,0.0
Banco C,2,12,500,108,8.71,IBOV,0.0
Banco A,2,12,500,108,5.68,IBOV,0.0
Banco B,2,12,1000,108,-9.3,IBOV,0.0
Banco C,2,12,1000,120,3.92,IBOV,0.0
Banco C,2,12,500,108,1.74,IBOV,0.0
Banco A,2,12,500,108,-9.8,IBOV,0.0
Banco A,2,12,2500,120,7.46,IBOV,0.0
Banco B,2,12,500,240,17.63,IBOV,0.0
Safra,2,12,500,144,-1.21,IBOV,0.0
Banco C,2,12,1000,240,-2.69,IBOV,0.0
Banco B,2,12,5000,120,-3.62,IBOV,0.0
Banco B,2,12,1000,144,16.08,IBOV,0.0
Banco A,2,12,2500,108,7.56,IBOV,0.0
Banco A,2,12,5000,108,12.63,IBOV,0.0
Banco B,2,12,500,120,13.6,IBOV,0.0
Banco B,2,12,500,180,-7.4,IBOV,0.0
Banco A,2,12,1000,108,-6.49,IBOV,0.0
Banco A,2,12,5000,144,2.24,IBOV,0.0
Safra,2,12,100,144,6.73,IBOV,0.0
Banco B,2,12,2500,108,10.53,IBOV,0.0
Banco A,2,12,1000,72,7.62,IBOV,0.0
Banco A,2,12,2500,108,-5.58,IBOV,0.0
Safra,2,12,500,120,11.22,IBOV,0.0
Safra,2,12,500,108,12.53,IBOV,0.0
Safra,2,12,1000,120,18.05,IBOV,0.0
Safra,2,12,1000,120,-4.63,IBOV,0.0
Banco C,2,12,10000,180,-1.56,IBOV,0.0
Safra,2,12,500,108,-6.21,IBOV,0.0
Banco B,2,12,500,108,2.32,IBOV,0.0
Safra,2,12,500,108,16.37,IBOV,0.0
Safra,2,12,10000,108,9.96,IBOV,0.0
Safra,2,12,5000,108,-5.0,IBOV,0.0
Banco B,2,12,1000,120,-0.45,IBOV,0.0
Safra,2,12,1000,108,-8.15,IBOV,0.0
Safra,2,12,50000,240,3.38,IBOV,0.0
Banco C,2,12,2500,120,-4.5,IBOV,0.0
Banco C,2,12,1000,72,3.62,IBOV,0.0
Banco C,2,12,1000,120,5.75,IBOV,0.0
Banco B,2,12,1000,72,5.46,IBOV,0.0
Banco C,2,12,500,120,15.29,IBOV,0.0
Banco C,2,12,1000,180,-4.88,IBOV,0.0
Banco A,2,12,1000,144,-6.14,IBOV,0.0
Banco C,2,12,500,108,5.05,IBOV,0.0
Banco A,2,12,500,180,13.29,IBOV,0.0
Banco A,2,12,100,144,0.4,IBOV,0.0
Banco B,2,12,1000,120,5.36,IBOV,0.0
Banco C,2,12,500,108,14.73,IBOV,0.0
Banco C,2,12,1000,72,3.53,IBOV,0.0
Safra,2,12,5000,108,-5.18,IBOV,0.0
Banco C,2,12,100,144,6.95,IBOV,0.0
Banco B,2,12,1000,72,12.94,IBOV,0.0
Safra,2,12,500,240,-3.32,IBOV,0.0
Banco A,2,12,2500,120,11.23,IBOV,0.0
Safra,2,12,500,108,11.25,IBOV,0.0
Safra,2,12,10000,180,-9.75,IBOV,0.0
Banco B,2,12,5000,72,-5.71,IBOV,0.0
Banco A,2,12,2500,120,12.21,IBOV,0.0
Banco A,2,12,500,108,-0.75,IBOV,0.0
Banco A,2,12,1000,144,16.01,IBOV,0.0
Safra,2,12,1000,108,2.56,IBOV,0.0
Safra,2,12,1000,108,-6.18,IBOV,0.0
Banco C,2,12,500,108,12.11,IBOV,0.0
Banco B,2,12,500,144,8.69,IBOV,0.0
Safra,2,12,1000,72,2.96,IBOV,0.0
Banco C,2,12,500,120,-3.48,IBOV,0.0
Safra,2,12,1000,108,7.14,IBOV,0.0
Banco C,2,12,500,108,-1.3,IBOV,0.0
Banco A,2,12,1000,120,-8.47,IBOV,0.0
Banco A,2,12,50000,120,17.17,IBOV,0.0
Banco A,2,12,1000,180,6.31,IBOV,0.0
Banco B,2,12,1000,144,15.1,IBOV,0.0
Safra,2,12,1000,120,8.76,IBOV,0.0
Safra,2,12,500,108,-0.51,IBOV,0.0
Banco B,2,12,5000,108,1.17,IBOV,0.0
Banco B,2,12,500,120,14.47,IBOV,0.0
Banco C,2,12,1000,120,7.48,IBOV,0.0
Banco A,2,12,1000,240,18.08,IBOV,0.0
Safra,2,12,1000,144,5.68,IBOV,0.0
Banco C,2,12,500,120,6.36,IBOV,0.0
Banco C,2,12,1000,72,18.06,IBOV,0.0
Banco A,2,12,10000,108,-2.18,IBOV,0.0
Banco A,2,12,500,108,5.06,IBOV,0.0
Banco A,2,12,500,180,-6.36,IBOV,0.0
Banco C,2,12,500,180,4.44,IBOV,0.0
Safra,2,12,2500,108,16.46,IBOV,0.0
Banco C,2,12,50000,108,7.06,IBOV,0.0
Banco B,2,12,50000,120,9.9,IBOV,0.0
Banco A,2,12,1000,108,-8.7,IBOV,0.0
Banco B,2,12,10000,120,15.29,IBOV,0.0
Safra,2,12,1000,108,2.1,IBOV,0.0
Banco A,2,12,1000,108,-7.74,IBOV,0.0
Safra,2,12,500,120,3.6,IBOV,0.0
Banco B,2,12,1000,108,18.57,IBOV,0.0
Safra,2,12,500,144,13.5,IBOV,0.0
Safra,2,12,1000,72,19.0,IBOV,0.0
Banco B,2,12,1000,108,5.64,IBOV,0.0
Banco C,2,12,100000,144,15.1,IBOV,0.0
Banco A,2,12,500,180,-5.27,IBOV,0.0
